{"entities":{"pages":{"Overview":{"id":"Overview","title":"总览","url":"overview.html","level":0,"tabIndex":0},"Starter":{"id":"Starter","title":"快速开始","url":"starter.html","level":0,"tabIndex":1},"UserTutorial":{"id":"UserTutorial","title":"用户教程","url":"usertutorial.html","level":0,"tabIndex":2},"UseArcadeLink":{"id":"UseArcadeLink","title":"如何接入 Arcade Link","url":"usearcadelink.html","level":0,"tabIndex":3}}},"topLevelIds":["Overview","Starter","UserTutorial","UseArcadeLink"]}